uuid,gender,email,phone,cell,nat
9e085556-7c76-432e-809d-fdc8c8729834,male,mikkel.sorensen@example.com,85416522,73637629,DK
a5c94f90-24c9-43e5-a93e-14845d3df781,female,ea.tsegay@example.com,81325555,90371417,NO
0acf2549-888f-405b-a72c-0bd4a87217fa,male,lewis.morris@example.com,(893)-986-7688,(997)-501-9434,NZ
ee58b1e7-18a2-48de-9ed9-c9ddfec803f7,male,hans-gerhard.guse@example.com,0753-2770224,0170-3473988,DE
46644a74-237d-4462-889f-84d563c854cb,female,aurora.dupont@example.com,078 277 91 12,075 671 76 70,CH
36047c5f-cd38-413d-889c-62299fd8ce6c,female,aliza.vanderavoird@example.com,(182)-037-2747,(423)-600-1536,NL
8471593c-be32-440a-b1b9-c05d44f43523,female,sophia.anderson@example.com,(288)-005-4581,(079)-482-1521,NZ
0ca1c342-e2ce-49c8-83e7-b889d1d406c4,female,helen.kjeldsberg@example.com,26015512,91094592,NO
b735a002-86b7-471b-bbc3-dce0b0271d0f,female,francisca.esteban@example.com,949-437-572,629-004-591,ES
9183c96b-38ee-43de-8187-8d10cf7c3194,male,aabs.qsmy@example.com,078-91414807,0955-900-8332,IR
e6670677-94be-49be-9815-00302e2a0298,female,holly.gardner@example.com,(883)-216-0532,(962)-254-9336,US
e11f68e4-ef5e-463f-a0ae-f1c5961d3aaf,male,terry.young@example.com,(003)-443-9646,(028)-993-3516,US
9a57f64c-8b44-4e01-b9e2-2913a390aa29,female,sophia.palmer@example.com,015395 79765,0786-671-219,GB
06601044-7c21-475e-8440-3bdf2626d1b9,female,leah.hawkins@example.com,0112560 508 6783,0799-691-461,GB
10d554fd-6471-4820-9fba-2bac9140e601,female,marie.knight@example.com,016973 60557,0736-625-018,GB
d542a185-3fa3-4496-b669-777f17a98f4e,male,gerardo.denis@example.com,078 378 69 25,078 618 40 95,CH
71efcb95-4861-4fd2-b4d0-0105666ea791,male,ludwig.leroy@example.com,077 909 16 69,078 950 22 14,CH
ee64829d-c970-4a86-a8cd-a825553cce81,female,pippa.king@example.com,(274)-973-6467,(839)-641-3502,NZ
001e2961-92ae-4964-8711-5d7c69843a2e,female,harper.johnson@example.com,132-989-9548,542-107-1692,CA
1fb402a3-1d27-4abf-bbc7-ae65f8f4bfba,female,elif.akyurek@example.com,(410)-566-7973,(846)-074-5949,TR
8925226e-fb8f-426b-a909-bb74d51a1fb6,male,artyn.njty@example.com,095-59442636,0916-926-1492,IR
0562150f-ae02-4a3f-b8f2-6caab232fcba,female,daisi.almeida@example.com,(90) 1176-5668,(29) 8995-7384,BR
d1814671-8544-482d-8ced-2b17d902eddc,female,anni.mikkola@example.com,02-928-531,048-811-09-77,FI
805aff76-b989-46f5-a852-3b14ad7ed42d,female,lena.black@example.com,(900)-946-8140,(223)-741-1434,US
dcb852d3-ec00-4bf3-8ae0-48b190dabd55,male,mustafa.cetiner@example.com,(593)-201-1448,(904)-283-0821,TR
d6355ff1-a2e7-4d96-9b83-4dde91b43460,male,wyatt.griffin@example.com,03-6629-7376,0443-072-848,AU
e25f1b47-685f-4bcf-bc4b-f38e1a84de5d,female,annette.douglas@example.com,07-3846-1520,0412-281-369,AU
cba73507-dbec-41ef-9f26-a223ccedfa84,male,ege.pektemek@example.com,(031)-381-2883,(955)-871-6030,TR
4a40c364-c85a-4e72-a9ae-f8281ead317a,male,aidan.singh@example.com,(021)-111-2083,(376)-113-6656,NZ
059ea816-ad2f-4f40-b57e-ff35d0114df6,female,aino.hietala@example.com,05-904-368,040-348-24-31,FI
46b8781c-358d-460c-8197-41f6ee6261c8,female,isabella.poulsen@example.com,26180366,77481761,DK
34404066-f915-4c48-a475-4dbaa198b2dc,female,evelyn.kumar@example.com,(200)-873-3043,(266)-145-3308,NZ
23952a7d-1922-447e-a0cb-111e7126b9d0,male,luis.horton@example.com,(738)-868-4375,(661)-199-0086,US
8a3ec85a-a491-42d8-bf88-64cb61556f58,female,johanne.madsen@example.com,27769168,44890311,DK
358e51b4-9589-4831-923a-ea3d03194315,female,carla.moulin@example.com,078 646 94 74,076 419 99 67,CH
c8eee2ca-6f73-40b9-8a77-8795ceae489a,male,hmd.mhmdkhn@example.com,020-34252432,0945-437-9477,IR
60f89401-28f6-46b3-999b-7d542fe4ea51,male,roland.neal@example.com,051-174-3531,081-731-9491,IE
90c5cf27-f0f1-4b9e-be80-441743fd812a,female,giulia.roux@example.com,03-73-95-61-13,06-28-24-97-90,FR
ddc5293c-fc59-4d27-89f3-ba1e8bc3b7fb,male,shyl.hmdy@example.com,068-03145239,0987-028-6431,IR
7acc5fa7-2590-442a-8628-0bc066ac2d53,female,naja.petersen@example.com,96227292,98921926,DK
96057625-4fce-4e87-9874-10c2be33648e,female,zeineb.elzinga@example.com,(411)-352-1069,(881)-570-1017,NL
e51262ab-c924-480f-9573-dddcc972089b,male,mirko.staudt@example.com,0966-0402280,0170-7001683,DE
c5c6a0b6-9e7f-4a70-ad9c-15780d1844c1,female,amalie.olsen@example.com,28960018,29082340,DK
827df88e-7649-45a2-af4a-17e41830bda3,male,diego.adam@example.com,05-48-10-89-44,06-25-44-85-85,FR
129dab64-9878-44b2-8f12-1ca8aac3edfe,female,melike.yorulmaz@example.com,(832)-610-9328,(289)-889-8301,TR
5d66c19d-6346-4d93-9eda-a2c928cfec1f,male,david.miles@example.com,(432)-923-3365,(419)-787-7513,US
842ed121-fcc0-4c1f-b91b-7f48832942e5,male,hmd.rdyy@example.com,070-81503195,0927-314-5329,IR
e381919f-11f6-4ae2-b043-5b622757c1d4,female,vicky.myers@example.com,027 3235 8819,0752-426-879,GB
79de1aed-a74c-41f3-81b1-ab80a53188f6,male,daniel.french@example.com,902-414-2352,020-806-7679,CA
3277df06-4d50-4d32-83f5-45c0aa526e6c,female,wendy.rhodes@example.com,(105)-445-2726,(854)-634-2277,US
6596e7a5-a94e-4b6b-9650-c3d7d730de4e,female,rebecca.lindanger@example.com,84383027,93978161,NO
10d03242-f110-48bd-a989-197e9563c6d7,female,savannah.peters@example.com,(391)-229-8460,(740)-321-3295,US
830233e2-4af5-4fdb-9ef8-fbe25ae8ba96,male,simon.mortensen@example.com,49810537,36440805,DK
92bf512d-ff06-4405-a5c2-3de5f89cb1a0,female,belinda.roux@example.com,078 047 20 70,077 541 75 75,CH
d10ab5bc-e178-46bf-9d76-6e24e0141232,male,mason.gill@example.com,666-946-5277,610-231-8277,CA
e46ca226-aa89-4790-a196-75f1783d1ab0,female,ysmn.kmyrn@example.com,023-25334152,0979-019-0886,IR
844336f1-659d-4067-a474-26b44c6cca38,male,maurice.cunningham@example.com,0111022 553 7252,0763-564-081,GB
e5bbedb9-2c29-4b03-a4a1-d16babc7e1c9,male,david.robinson@example.com,(710)-529-1887,(936)-820-7357,NZ
dfedf468-9561-421b-9ff1-ff73b3f11840,female,gerlinde.kugler@example.com,0137-8451626,0175-8082117,DE
c640653a-9168-4640-af3a-63cdcb822aa0,female,berta.almeida@example.com,(76) 0820-4963,(73) 1741-8559,BR
85e6dff2-b6ee-49d7-9c8a-a22ff10da522,female,mlyn.prs@example.com,019-62738626,0969-252-3704,IR
2a035a67-7830-4209-b589-ee184cd8dbf3,female,emily.wright@example.com,(654)-791-8460,(508)-688-9990,NZ
bf2ae67d-e052-42a0-8239-2bb45b8e0484,male,oscar.walker@example.com,(636)-071-7424,(336)-624-9587,NZ
ed20bc3b-df2b-4ca7-be7c-6562fffacd09,female,fatma.eronat@example.com,(835)-889-9157,(397)-350-7972,TR
8babfa24-9425-4e38-91b7-312eb2473813,male,august.reiner@example.com,0074-5247451,0177-7263047,DE
73847547-975c-4e6b-b93d-ab6288e1cbb4,male,matthew.king@example.com,(161)-348-6769,(418)-472-3329,US
0a52540e-b2c7-4585-ab51-f7e2a638eda7,male,viljami.lehtonen@example.com,09-379-391,041-003-12-06,FI
f1a3005c-57a0-4d89-b21c-f85a8c5f8a13,female,noemie.rodriguez@example.com,04-59-87-44-88,06-88-66-80-57,FR
c36ebe09-7b06-4276-a8a2-70ed2f205782,male,mylan.drenth@example.com,(013)-335-2543,(647)-534-4633,NL
525362fa-59c1-4526-836e-dc13da7514eb,female,amy.clark@example.com,584-270-8672,755-295-7964,CA
1feb4c64-c40f-410c-8967-71ea43b4e4ed,male,jake.robinson@example.com,(939)-021-2335,(989)-555-1471,NZ
2f3a8744-bbf3-44d6-8492-d514ff144135,female,rebekka.lopez@example.com,075 100 31 63,076 456 43 40,CH
b7216842-0aed-4d18-b121-2b3e0244ee36,male,devon.stone@example.com,(653)-908-2637,(850)-596-9881,US
bd0f530f-de54-4d28-b0f4-a1eaa06033e0,male,adryn.ysmy@example.com,085-49014640,0988-742-6076,IR
101bc65f-0a0d-4bce-9f2a-e16786c0aa33,male,rasmus.rasmussen@example.com,35029663,05669547,DK
dea001e4-e0d3-4560-a843-8530ca699287,female,mandy.bailey@example.com,0161 384 0758,0731-491-592,GB
d27be96a-a39c-47c2-8df7-64866d9d84b3,female,nalan.camdali@example.com,(621)-460-6038,(453)-481-3591,TR
7eddfeca-e2c4-40bc-b879-e0ca278aa8a3,female,melissa.williamson@example.com,019467 84690,0782-074-667,GB
3a11e54d-4dfe-4ded-a02f-439ad875959d,female,susie.green@example.com,041-694-8623,081-745-7559,IE
76d46e45-d976-44f3-a56a-872fcdbc8350,male,patrick.stone@example.com,011-540-1709,081-086-2781,IE
6501f1a7-42a3-4fab-9da1-7e26d680439b,male,brad.anderson@example.com,(443)-836-4586,(577)-727-0617,US
e28052e9-4b41-4695-8f8b-fa7216baf83c,female,vilma.kinnunen@example.com,09-482-954,042-240-30-00,FI
8c0346e7-e3f4-4846-b6db-2781fc95d860,female,cristina.aguilar@example.com,991-315-334,656-555-330,ES
5b2babc9-db53-4a51-ba56-3babda23381b,male,blake.porter@example.com,017687 67246,0711-979-744,GB
336cada3-e614-4435-8926-cc9de62603eb,female,vanea.desouza@example.com,(49) 2246-6124,(50) 0385-6564,BR
9cd5c1d0-12fc-4535-8cd1-ff8363adbf35,female,diana.barrett@example.com,04-2652-6174,0404-445-730,AU
48e67a6a-146f-44a4-acc6-c07bb606bec1,male,babur.egeli@example.com,(746)-920-8176,(259)-155-0711,TR
2797ae5f-0127-4343-a17f-71cfaa1b3902,female,tonya.willis@example.com,01-1902-1685,0456-499-374,AU
b4e03627-4593-4031-a0bc-acf5c98f6faf,male,albert.nielsen@example.com,87443262,79980270,DK
67215949-20c4-4157-9e63-952087684b3a,male,alfonso.garcia@example.com,929-558-198,608-122-495,ES
6a4743cc-2bdf-4b9b-8fca-c7825357b2ff,male,chad.beck@example.com,(750)-550-4126,(115)-832-0758,US
2dabb8b8-46e6-45d5-83ce-4ebe293e88f5,male,clarence.flores@example.com,08-8899-9757,0424-457-282,AU
db9bed33-7cef-4279-a922-d068f4e244fd,female,marialba.dacunha@example.com,(82) 4386-3837,(71) 1514-3663,BR
1b616414-3f88-42e1-b5ba-456d88975d58,male,derek.bishop@example.com,061-211-9668,081-182-2392,IE
4779e643-6d6b-47fd-a086-c6b771c0807e,male,wilhelm.vincent@example.com,077 476 57 43,078 515 13 04,CH
82e77d9f-135d-422a-b14f-8df20d32c07b,female,norisete.alves@example.com,(14) 4874-6483,(56) 8284-7527,BR
c18872c8-b8f1-4e35-97b5-42395aaf586a,male,mark.hopland@example.com,78555588,40150621,NO
886d7830-49a9-49b9-a7a8-3bba20452d3b,female,avery.martin@example.com,125-454-0263,345-348-9096,CA
e749bace-8f1b-4438-820d-90413c6baa57,male,rhm.nkwnzr@example.com,090-63305097,0903-397-5493,IR
38556283-bf03-4f0d-9a92-a2524e760576,male,silas.johansen@example.com,45665416,80799798,DK
9a80ffc2-f9a7-4d5c-bc13-7810ac820339,female,berta.klingenberg@example.com,0335-4235200,0172-1334326,DE
b3840ba5-bd38-4557-a115-67f6bcc4e528,male,danny.carlson@example.com,01-2446-4499,0482-295-871,AU
0bf6de11-92dd-49bd-87cd-c116f959e0e2,female,eleanor.castillo@example.com,08-1068-6280,0410-305-118,AU
d1fd7baf-e311-47b1-b8c2-1968970d2ec9,male,amine.vanhamond@example.com,(142)-727-9507,(786)-772-0696,NL
89b67001-4332-40f2-a6d6-d1636cd3fa86,female,tina.bults@example.com,(074)-255-6461,(547)-841-1770,NL
2e485f5b-8d14-4a55-ad4f-593375b63c9e,female,liepa.thorsrud@example.com,77382300,43707673,NO
5c2083f2-ddcf-46ad-81c5-9b4b57d862f9,male,jack.reynolds@example.com,03-2065-3882,0420-400-584,AU
fc3093f3-c713-4791-9cd7-81a4b8d0d422,male,danny.meehan@example.com,031-024-0636,081-000-7341,IE
8104f221-6a1b-445b-a465-80ee74c91e40,male,christoph.renaud@example.com,075 802 56 61,075 769 34 15,CH
b5b61b62-c98e-4bbb-8ba9-ce220377dc45,male,jerry.nichols@example.com,(561)-120-7732,(910)-488-2157,US
2c2761fa-4c4d-494a-ae48-35b06df4fb65,male,mario.peters@example.com,015242 83274,0724-513-062,GB
b712b7ab-f7d0-433d-ba99-6cf1d6a080d9,male,alexander.nielsen@example.com,26449296,29873344,DK
fee1d5dc-435a-40fc-bc65-09be0e5e85b5,male,bart.kempe@example.com,(510)-827-7484,(712)-935-6330,NL
b3b63655-9a36-4f8c-bfd6-6ee5da98bfe8,male,oliver.erkkila@example.com,03-884-660,046-408-12-42,FI
6a496a4f-ad49-4ddf-b29c-6ec580bfc334,male,alexandre.clark@example.com,313-788-8903,649-535-1804,CA
7f0c8385-c182-427e-82eb-170b6937c682,male,alfons.muller@example.com,076 878 03 47,076 903 43 82,CH
39516bf3-a75c-43e5-b97a-c30bd633282e,female,georgia.wood@example.com,(034)-305-3499,(469)-322-1707,NZ
257dacaf-72d7-4c46-93f5-180bdddb66f7,male,louka.menard@example.com,04-52-07-19-06,06-28-74-02-92,FR
e89402b9-ba34-43fa-a083-f4bf5f210051,female,amber.miller@example.com,011-345-5590,081-845-4799,IE
9bcd8dde-81f4-49b2-8100-70475f163d39,female,olivia.young@example.com,022-673-9783,714-731-4187,CA
dc67dddd-b9d0-49c8-9835-aff4dc7a2afc,male,emil.johansen@example.com,95778158,74591887,DK
dc2740b0-dc05-4101-a025-559386597b86,female,victoire.nguyen@example.com,02-07-88-46-27,06-57-74-75-73,FR
9564a1aa-8d92-4a13-9bb4-378589cc5350,female,molly.cruz@example.com,0115952 608 0270,0792-330-822,GB
7e729d74-b0ea-4b3c-894e-9bfa7081b82d,male,maximilian.barbier@example.com,076 986 15 05,078 944 86 60,CH
9dd711c2-b154-4a2f-97d7-9c6f5e032356,female,eileen.abukar@example.com,36142461,47613230,NO
de89817b-238c-4998-843f-faa9c8ea65bf,male,jackson.walker@example.com,(626)-725-8336,(327)-304-0802,NZ
c0613200-51b5-4468-b656-0f6813a564bf,male,magnus.hansen@example.com,35685819,25613859,DK
e2a1c94c-361b-41e7-a66b-229984f1e4b5,male,arsyn.njty@example.com,023-72878028,0986-907-5985,IR
818eafde-23da-49a5-959b-70fc56f06090,male,albert.eikas@example.com,61940872,90289914,NO
cbde87e2-f1d9-47f0-b697-1ddc74a0ca57,male,sepp.lucas@example.com,0247-7961095,0174-4802562,DE
8b637fdd-a29f-483e-b75b-b95914faa508,male,felipe.cano@example.com,964-852-837,692-435-610,ES
e96b8370-8ba0-444e-af06-322b77a21f67,male,charles.li@example.com,(293)-169-4324,(585)-187-4543,NZ
ad5baca3-80cc-4a34-ba74-a6e3d37d96b6,male,darryl.collins@example.com,01-6014-6989,0438-092-700,AU
0c9e4685-69d1-4696-bfa7-d618f8af858d,male,vincent.shaw@example.com,(437)-407-1060,(530)-449-8202,US
590b9263-d270-40fd-90ac-f72e1872027f,female,marianne.gunther@example.com,0817-0954815,0177-1609387,DE
ae3c72d3-a623-4527-a39e-4c5d7e98abb6,female,ana.fournier@example.com,079 657 72 41,079 833 99 56,CH
7fe13d5c-4289-4cbf-8f75-a4a45647cb0e,male,tyrone.edwards@example.com,031-426-4095,081-964-1820,IE
0eebeccc-bba8-462a-8317-79b2eba79426,female,sanni.karjala@example.com,03-742-356,045-456-32-01,FI
a05c7866-e158-4f28-bbf4-8bfe4488f9f9,female,brielle.patel@example.com,644-546-7969,762-934-7678,CA
b8a20193-4dca-4ddb-b9ee-0a354865987a,male,raphael.fontai@example.com,079 630 38 40,076 781 82 70,CH
b978314f-a57c-4e81-9d8e-e4b713182efd,male,alexandrino.moura@example.com,(38) 6738-0324,(53) 1334-7637,BR
11bd60a3-1618-44e0-afa3-2f8dcfc40f42,male,lars.plassen@example.com,55974647,99253535,NO
eabd79e0-8ec9-4e38-97ed-30b79bb035b7,female,laly.durand@example.com,01-76-23-62-08,06-31-74-10-37,FR
b00fda18-d4c5-4d1a-8c72-33f3e06c7568,male,christopher.thompson@example.com,(923)-937-0800,(775)-716-2056,US
a082ebba-de5e-47e7-b742-3dd938ba32fe,male,mario.walters@example.com,016974 24129,0752-757-192,GB
8ae7da45-b69c-489e-b669-69696ce8195c,female,loeci.mendes@example.com,(71) 5664-5349,(19) 4038-7234,BR
38069a23-9761-4110-9701-b1e0ca3be2e0,female,caitlin.walker@example.com,(606)-011-3610,(810)-045-7348,NZ
746f2108-8aa4-47ec-b35f-e330dd9a0766,female,alyssa.curtis@example.com,01-4441-4159,0433-151-458,AU
968e98cc-c4b1-4a1b-92c8-a4f7d7ef5634,male,ryan.french@example.com,203-991-5265,647-147-5763,CA
563417dc-62b1-4c9b-91f7-d3f873371501,female,lucy.cox@example.com,01-0020-5871,0408-302-337,AU
66684097-2971-4d9b-9ce9-4b6f46721e25,male,enrique.martinez@example.com,02-7825-0649,0429-254-138,AU
5568a998-4613-4324-a6b1-f971b5ed552a,female,irene.leite@example.com,38415219,95487982,NO
69dc6a88-4420-4efa-8a5f-3580154eb841,male,gokhan.tutuncu@example.com,(019)-515-8006,(804)-319-3554,TR
84749fe7-e923-48cc-ae45-d3f6c84a85ca,male,salvador.pascual@example.com,932-288-026,618-797-517,ES
612d9f51-ef83-4c49-88b3-365251313e56,male,kian.saastad@example.com,82438934,44715272,NO
ef0ab47a-ab41-49e6-91e8-20ed22fcfc76,female,violet.cooper@example.com,(712)-170-9525,(175)-855-8833,NZ
9151c78d-8ef7-4269-83a7-d9ddf1c3c1f3,female,sedef.oymen@example.com,(579)-087-2495,(739)-616-5639,TR
9ec0988c-d582-419f-98ec-bf33caf58260,male,herman.ford@example.com,00-3494-9570,0487-585-797,AU
d198e7f3-3799-4136-9105-d9a9970f401c,female,chloe.lavoie@example.com,886-503-2775,629-328-8279,CA
c93826ba-aba2-4e81-bb36-4a94a2b71667,female,amalie.pauli@example.com,0380-2361536,0173-0512029,DE
604809f1-ef26-4e31-97de-fadde07c913a,male,jacob.pedersen@example.com,36780849,36536077,DK
13d8b69e-31c2-4b93-8e19-80c120bff3d0,female,anaelle.dubois@example.com,04-89-15-37-86,06-58-07-40-27,FR
85dfc953-4d11-4afc-9112-f0319d88a7ff,female,afsar.dalkiran@example.com,(720)-122-5791,(300)-020-5198,TR
70a45fc0-b4e5-430a-ac95-171a2720b7d6,male,kasper.keto@example.com,03-391-486,046-366-96-03,FI
5a6db675-3a4b-4efd-83c0-360e6015cfbc,male,angel.anderson@example.com,021-542-2620,081-816-2451,IE
2ab8d917-67e5-44f5-8f98-c2ed1e3337e8,female,gaelle.michel@example.com,075 979 64 85,077 828 27 64,CH
0b78303f-020d-4751-866d-cbcf53d55a1c,female,lucy.lane@example.com,09-9962-1835,0493-952-272,AU
80880723-9228-4d54-8c8e-b6d4ac91a042,male,maxime.lavoie@example.com,750-418-4315,571-617-6467,CA
af86f783-2746-4964-8221-addceffb8c37,female,alice.blanc@example.com,079 286 30 93,078 445 31 59,CH
b4e39ecf-3467-40d1-8a4a-197bcd410275,male,antonin.robin@example.com,03-73-55-63-49,06-81-04-91-26,FR
7a17aa1d-474d-4a5d-9cc2-18276aa6a530,male,matt.powell@example.com,017683 61885,0761-773-243,GB
dbb3337c-f280-4422-88f2-b322faac2d44,male,necati.sepetci@example.com,(606)-300-3710,(202)-214-8773,TR
4804de27-37ff-4ca5-9536-afc46ebe6860,male,dwight.allen@example.com,(889)-014-5884,(911)-903-7826,US
867b98b6-6983-4916-8724-fcd2dd3618b0,male,cohen.king@example.com,(801)-912-0359,(937)-528-1504,NZ
893a284d-b97c-4599-994e-7177db6b7e59,male,walter.mccoy@example.com,00-7488-8245,0410-512-687,AU
3d7b84cc-295a-4087-8820-19afdf4444f0,male,andreas.christensen@example.com,57026651,02794412,DK
d8998cd6-1181-4a32-b02b-3a8dfec79d61,female,pamela.banks@example.com,02-6731-5301,0400-003-037,AU
71318eea-9313-4979-a13a-556856de1e90,male,gileade.novaes@example.com,(51) 3183-9163,(05) 3276-6897,BR
0bba56be-e041-4a5c-9efe-6fc3ee982f1a,female,ubiara.pires@example.com,(44) 1869-9090,(81) 2588-3768,BR
080fb055-ec96-4e65-ad42-9a3bde850eb0,female,vilma.nevala@example.com,07-719-018,042-174-01-91,FI
c3656279-9b96-42ad-8cef-bfdef5c4b17e,male,rasmus.pollari@example.com,09-272-884,049-713-82-93,FI
01193f2b-7ca9-4ae1-8188-569636841032,male,haroldo.damota@example.com,(97) 7525-7844,(92) 6116-1506,BR
754a0231-aea0-49b3-81f1-c3a3d3ef7133,male,frank.sorbo@example.com,56103390,95914154,NO
976ffe33-f9dc-42c2-9230-0f600d42742d,male,leon.legrand@example.com,04-83-95-85-46,06-78-20-75-78,FR
4be102c4-62de-406d-8d21-9ca3d0305092,male,villads.larsen@example.com,44725902,60789042,DK
4f703e3a-b4b4-40d4-9826-e27c3cac200d,male,sergio.simmons@example.com,(860)-949-1548,(720)-129-1381,US
0a274b3c-e81b-4cda-bb30-aeb292edb49b,male,fin.zijl@example.com,(122)-649-7417,(741)-183-1947,NL
1dc7b355-1a2c-4646-8717-56680b6499b6,female,johanne.christiansen@example.com,33037981,67464427,DK
97be722c-c09f-46ae-923c-a8dbc3815e6e,male,albert.gonzalez@example.com,957-815-991,647-155-215,ES
00459906-e9fc-4b4c-8500-05c0c9b55b10,female,hanna.smythe@example.com,031-814-8514,081-217-1742,IE
bb604ee7-b013-4123-8805-aa8531a85de4,female,swgnd.slry@example.com,067-72851517,0979-555-0468,IR
6108d6db-5992-4792-ba13-9ad37e59e914,female,brielle.jean-baptiste@example.com,238-427-3501,528-420-8881,CA
19335fa5-5047-41a4-b001-c6625e9e89f3,female,albertje.vandersar@example.com,(796)-524-0060,(679)-249-3073,NL
dd6a8b06-4576-4c9a-9d29-e12c2e048ab1,male,kevin.dubois@example.com,079 029 78 81,078 002 19 40,CH
af572850-7472-411b-bf07-a23b8aa93d88,male,miro.kokko@example.com,07-021-014,043-172-84-95,FI
250ef933-9a22-431b-b54f-206ee428b1fb,female,alicia.diaz@example.com,09-7945-9211,0472-063-119,AU
715085ab-b8f1-4a3e-9ad5-e5a40b34dd32,female,saana.saarela@example.com,04-904-566,042-546-59-68,FI
466d59e4-634e-4d4b-8dd2-00c95b023502,female,danielle.bichler@example.com,0857-3188902,0174-5535389,DE
b4a2d54b-7c6f-489d-a047-4cab41a3fe24,male,efe.cagiran@example.com,(702)-294-4882,(159)-516-6420,TR
f8ddef39-370b-426e-92dd-7dca77beee83,male,louis.scott@example.com,701-126-3166,013-590-8056,CA
02425744-6826-4193-acfb-698ef5ed9d47,male,alejandro.parra@example.com,946-534-973,620-360-613,ES
f55d99da-70e2-4b76-8b04-c9f80dff6b52,female,kim.chapman@example.com,031-004-3765,081-222-1693,IE
143622b9-0099-4733-9b74-ad4977f4fa4e,male,anatoli.rohrbach@example.com,0442-8902437,0175-3328159,DE
456778fd-b415-489d-bc6d-bf0ab6084b60,male,hunter.washington@example.com,0111 646 7075,0717-769-234,GB
910d4cc7-c6c3-43f4-9955-04ac4a31676a,female,eloise.brunet@example.com,02-12-92-29-65,06-11-29-79-30,FR
cc8be84e-22ba-44ee-9cbd-d2cd69a1a70d,female,dana.parker@example.com,00-0458-3137,0457-861-940,AU
74a78250-3e7a-4f4c-81b0-271ad3aad894,female,megan.reyes@example.com,015395 75971,0780-652-635,GB
cdddf15a-7f85-483d-869f-58d5320b010c,female,fatima.desouza@example.com,(67) 7034-0231,(10) 4000-2746,BR
d97ee124-cdc6-4cb7-85dc-d156b3e0575d,male,ted.reyes@example.com,(072)-085-0815,(946)-649-3912,US
11f41730-cd95-4eac-bc97-430fd2d7fedf,female,emilia.sundal@example.com,56272323,98242505,NO
6d166408-56fe-47be-8342-b1c808a11f5b,female,vanesa.cabrera@example.com,908-982-454,621-395-617,ES
800b1f71-201a-4ee9-830c-2f0a3eb713f4,male,wyatt.hale@example.com,016974 98000,0708-541-263,GB
1c9ad0e8-9b19-4617-bdaf-1c33633a8e1b,male,bjorn.fontai@example.com,079 676 65 92,075 403 75 62,CH
b267888f-0d78-46cf-be95-78ef2edf7367,male,josh.stewart@example.com,015242 32096,0734-712-492,GB
5e668866-6e80-4879-b134-9b5fcc5c26c5,female,nanna.johansen@example.com,95694484,39115852,DK
2cc74b83-8504-44ad-84f1-5eed8bee9b56,female,catrin.bucher@example.com,0689-2622518,0179-4613036,DE
fe9bcd38-dc79-4e2d-9c96-137efbf4e88e,male,chaim.devisser@example.com,(678)-132-5380,(990)-619-3290,NL
28f3e427-1c2e-4d75-8ced-6a4c9bc7c9c5,female,beatrice.miller@example.com,073-612-2149,595-055-0976,CA
a683b691-9eb2-47ce-ad55-4af7acd90500,male,kaspar.schmitt@example.com,078 663 07 66,077 538 38 64,CH
4960b663-acf9-4190-b138-f8490d04c115,female,iida.lassila@example.com,09-959-199,044-098-89-17,FI
c8d6624f-5e57-43ba-8285-d46fd09af20d,female,rosita.bienert@example.com,0013-8497365,0176-3052845,DE
9aa64cc4-1ed8-496f-bf0d-1a9be07a14fb,male,enrico.schuurbiers@example.com,(107)-733-1025,(051)-414-2705,NL
cca00ff2-ca12-4e36-91d3-3c9e01796929,male,caleb.thompson@example.com,(046)-799-8576,(674)-835-9727,NZ
223052c1-b1e1-46b2-879f-0831ec77daec,female,anina.gonzalez@example.com,078 210 00 89,078 865 66 84,CH
e22a02e8-9e77-4afc-823f-8c9132264eea,male,xaver.thomas@example.com,077 366 40 76,075 353 43 67,CH
08af77ca-a0dd-471b-9446-7ce30fcb912e,male,gordon.jennings@example.com,0141 936 8336,0779-883-237,GB
6c783015-b254-4b3b-9646-a13ca2646051,male,elton.barbosa@example.com,(32) 5085-5966,(72) 1645-3076,BR
7d8f7d73-88c5-457b-8404-7fb7b3ac38e5,female,laura.rojas@example.com,959-560-891,602-700-938,ES
43c5171d-1453-482a-a0d2-4b3da2b668d5,female,prmys.sdr@example.com,061-48511183,0963-953-7902,IR
8959ac8d-2f49-4a35-99ff-43fa41b6ccd6,female,louane.dumont@example.com,04-57-43-77-23,06-46-74-34-16,FR
4ae49f49-d84d-49d3-ab4d-cd04deaf1b8f,male,erkan.hollmann@example.com,0844-1431344,0176-3375195,DE
d4023207-c09e-4336-9bf4-7afd0592f70e,female,emmi.kujala@example.com,06-788-558,040-117-32-49,FI
d04cff16-4146-4d8a-af5c-ab97b6262892,male,leslie.sims@example.com,041-145-1341,081-111-2110,IE
b636bbea-11e9-467e-949a-46151bf46c48,male,artyn.khwty@example.com,054-37269539,0905-500-5860,IR
f75458ea-faf7-4a6d-84e5-be4759a30c97,female,alexia.carpentier@example.com,076 451 59 87,075 578 88 11,CH
0752d637-2913-47ac-b87b-9779dd359c4f,male,frederick.hicks@example.com,017687 07404,0747-981-814,GB
ae75478d-93eb-4786-9013-2add43df00bc,female,ayse.aydan@example.com,(112)-990-2885,(259)-597-1427,TR
ce0a251a-2912-46af-9e5e-0e3b00f79ebf,female,ceyhan.keseroglu@example.com,(064)-711-6519,(733)-191-9125,TR
def2fd0c-a2d8-4faa-a63c-0dd7a22475b6,male,malik.ginnish@example.com,029-239-5433,825-142-3154,CA
20918506-7fe4-403d-907f-f81248a48417,female,anna.lozano@example.com,992-277-569,626-681-130,ES
e9c4bf80-cced-4112-9d2c-0f87e28c2a0f,female,eleanor.vangeelen@example.com,(958)-322-5306,(964)-621-2572,NL
c2a05189-ea94-4687-9025-a47cc0cc68ea,female,lilja.manni@example.com,07-294-105,048-895-22-65,FI
b472fd56-ee8a-4177-b57c-e9f96f3d94e0,male,nooa.mikkola@example.com,05-828-616,043-132-04-03,FI
7045cb63-c4b9-44e5-a3a6-0f9fa71d40df,male,herman.sprenger@example.com,(117)-872-8994,(430)-035-2944,NL
e046dd42-df3a-4afc-a90f-8046a829d52b,female,lillian.douglas@example.com,011-422-4290,081-728-5534,IE
58a878a5-302e-48d2-b3bc-ffb0b580d7db,female,tara.gylland@example.com,63244961,97438792,NO
a48435b9-7686-49ce-afca-4f56babe4ba8,male,detlef.meissner@example.com,0656-5553378,0175-5918778,DE
21c4398b-c7b0-4478-8670-32f100eea505,female,vivan.rose@example.com,00-4190-0152,0404-289-842,AU
03bd3c4b-0003-41d5-820a-161a113cf90d,female,frida.nielsen@example.com,61625673,86983327,DK
26e6981b-f2c5-4d9c-9c05-47942556ba5b,male,cooper.robinson@example.com,(835)-442-0349,(530)-963-4089,NZ
8a76dd15-5dca-497d-855e-362b79fc6a6b,male,calvin.duijvestijn@example.com,(982)-135-4105,(043)-465-8799,NL
385969d5-b7f7-4428-beb5-114803ad9566,male,lucien.martinez@example.com,04-60-86-85-94,06-57-06-48-85,FR
381ca45a-40e5-42b6-a06c-9a95257d8cf2,male,ivan.arias@example.com,933-400-493,645-122-691,ES
e6f2e24d-7808-464d-9b9f-95e35f5b0e11,male,oliver.saarinen@example.com,08-192-712,046-444-94-88,FI
9b1b308a-1fab-4e53-8192-ae4344c59541,female,carla.mucke@example.com,0984-8732376,0174-7392727,DE
d3f94264-72e6-43c8-874f-27ea97c92493,female,meral.tokatlioglu@example.com,(400)-056-1150,(306)-300-6780,TR
08de9851-157d-473e-b997-61cb129b6866,male,wayne.mckinney@example.com,041-838-3710,081-993-1873,IE
aac7437f-d462-43f1-9bc2-e4eac8cb41fe,female,mary.gregory@example.com,00-6726-9806,0466-301-071,AU
3ea10d35-f305-4986-8f11-993c8b2f4e73,female,oya.aclan@example.com,(204)-545-6790,(761)-862-8790,TR
ecc010f7-5b9c-447d-9cfd-4c6eb370fa75,female,diane.hall@example.com,(746)-277-4550,(112)-335-5257,US
a1c00b15-a1b9-4946-b79c-866125332a9f,male,rene.jordan@example.com,016977 40930,0750-540-855,GB
d2c28a97-867f-43e7-86dc-357da2d39d62,female,adeline.streicher@example.com,0285-7194080,0174-1599357,DE
ae2a9567-8066-49fc-90a0-316920c20169,female,katiane.farias@example.com,(71) 0343-5276,(08) 8944-4899,BR
7e0a03e8-df18-49aa-b10e-c1f2fe122266,male,felix.petersen@example.com,67697166,34170726,DK
718f6519-368d-4cc4-898e-d0420c453a4f,female,elizabeth.vargas@example.com,017687 98945,0796-971-630,GB
1ab8086c-24cb-43e4-86ef-2839997c37c8,female,norma.brooks@example.com,(173)-377-0152,(140)-603-8945,US
5e297910-f92c-48bb-9eb5-fb6fb4e29fc6,male,mehmet.karaer@example.com,(458)-209-4424,(557)-987-7942,TR
211408cc-20e5-4035-9b1e-3a76f2fd0348,female,katrine.nielsen@example.com,73754691,24866002,DK
1f8155c7-b073-404d-8d74-4cd480b6e3f4,male,jonah.althaus@example.com,0625-6262805,0173-9167088,DE
15dcf4c4-69bb-42ce-a7ae-2e2781241678,female,josefina.ferrer@example.com,938-344-394,637-518-177,ES
ae51d13c-7184-42fe-97eb-ed3c2e26db14,female,enni.suomi@example.com,04-433-638,047-181-28-67,FI
499fc44c-fcfa-4e7d-b12e-828d11ae0742,female,kristina.harbo@example.com,31915623,93506844,NO
88657ebc-7532-46fd-893e-d79d8b197643,male,elias.pedersen@example.com,55954655,20096384,DK
04a1ccec-83c0-4c28-b76a-2c07d2f63827,female,maelya.lecomte@example.com,05-21-79-72-05,06-24-62-16-57,FR
e27e829d-23d4-4e46-9df6-626b183c473d,female,maelle.lacroix@example.com,01-17-14-58-60,06-21-97-88-70,FR
1c3c22d7-d413-4833-8b78-4d97c231b1e8,female,maria.roberts@example.com,(450)-434-5378,(436)-852-8000,NZ
2b9e88cd-55e9-4ef4-852c-8d4d30d37a67,male,benjamin.sorensen@example.com,39679610,14974960,DK
8009be0e-b37f-48c5-bb1a-9a6f026494d4,female,gordana.bruggemann@example.com,0840-6857278,0179-6166627,DE
0c1112c0-f696-474d-857e-7e8c1dc8e9ce,male,frederikke.rasmussen@example.com,86062643,70226278,DK
6b0bd4d5-7294-48d7-84da-454c5220332f,male,gary.perkins@example.com,031-483-4292,081-276-8401,IE
22eda906-3bc8-494f-94dc-3bfbd8b544b0,female,anaelle.lopez@example.com,04-30-11-90-88,06-49-59-90-32,FR
9ea15827-6a5f-462b-b0c6-af5e0459285a,male,alexandre.wilson@example.com,677-111-9588,141-964-6624,CA
83413f54-6b2d-4c5f-ac1c-0bd3087417c3,male,olegario.daluz@example.com,(38) 5424-1994,(47) 7687-9977,BR
bd1c7f6a-9590-4cbb-86f8-f13aaf8b1d74,male,huibertus.drewes@example.com,(251)-381-0466,(865)-350-3666,NL
5f3bb7eb-6e6a-4ce1-94bd-a8d1b604cc5e,female,aubree.roy@example.com,742-461-2823,536-292-9840,CA
44103ee1-409c-41cf-99bc-58cb529902ae,female,martina.dumont@example.com,077 760 20 98,076 164 13 66,CH
02339ce2-6000-4409-bfe7-26417bdf8477,male,veeti.wuori@example.com,08-945-066,043-414-13-10,FI
6bab6221-be36-4f17-9aa5-a9eb06781a40,male,cory.prescott@example.com,(998)-323-4797,(142)-181-7305,US
eeee58e6-fae3-49e3-b3df-629644a40c19,female,concepcion.alvarez@example.com,936-821-757,661-126-975,ES
82482e9d-c3a5-4b2a-8fa7-4ae8b824f648,male,natalio.aragao@example.com,(89) 3986-6121,(52) 6578-7529,BR
d3570fce-a6e8-46d4-94ca-791170a925f0,male,jesse.leppo@example.com,07-275-228,047-825-01-24,FI
86461bdd-1c8f-4a3b-8794-e882fffa42c5,female,patricia.frazier@example.com,0111 429 7175,0737-219-934,GB
6f843b30-7270-4a25-8921-a8bca6620907,male,nickolai.bakke@example.com,60155913,47814408,NO
0f25252b-7b80-472d-b629-9b292ba69c52,male,edgar.giraud@example.com,075 628 66 28,075 540 19 58,CH
203b0115-1bcb-4e93-a411-3d0dffed544f,female,devi.defouw@example.com,(456)-755-6172,(978)-903-7445,NL
950f5a77-8628-4ff0-9ace-fc90731e1f44,female,jen.russell@example.com,024 1566 1106,0706-154-323,GB
ff8716a7-a39b-46da-bc58-8b56fe216e24,male,igor.eiken@example.com,26044949,90850000,NO
7ecdda80-a81a-4b0f-8a04-185735d23af8,male,aitor.roman@example.com,947-611-866,610-981-502,ES
3cd5001f-eaee-497d-9c3b-f15e6cacf684,female,angela.porter@example.com,041-478-4640,081-780-1885,IE
b2fbe42b-b34b-442b-ac91-b89c761f587f,female,monica.reynolds@example.com,00-9817-9181,0473-210-241,AU
e4cb5aa4-d555-4688-91ed-83444f632ff7,male,idelso.fernandes@example.com,(19) 9599-3211,(00) 7590-4774,BR
34f302f2-047c-4a3b-b546-545f3aa56386,male,sami.dick@example.com,0463-2861958,0179-6663355,DE
bf6c6836-3a46-4d36-ae42-e4ceb63ed294,male,angel.cano@example.com,985-724-628,697-367-077,ES
8e7bb500-c239-4f79-9826-e041f4ea0b60,female,rose.brown@example.com,(175)-506-3610,(831)-671-5817,NZ
c3141342-7ebc-45f5-8050-1b4aeaed140e,female,romy.girard@example.com,05-47-21-19-05,06-26-20-82-33,FR
d2083ddf-0278-4ed7-a13e-04bd3a069aea,male,kasper.leppanen@example.com,03-526-881,048-529-71-68,FI
4d136fbf-4da1-479e-a89a-565a5dcd12f2,female,marie-claire.renaud@example.com,076 726 92 92,078 605 58 72,CH
59ff5b94-d180-4601-b900-0c7c77067123,male,pwry.mhmdkhn@example.com,035-02890172,0975-686-1115,IR
7827c1c6-ddd4-4782-8923-9dcbe4d89489,male,mathias.larsen@example.com,44863239,53066793,DK
011b9aff-a064-4e1c-b013-b71238b03a98,female,joanna.amundsen@example.com,33064927,92781439,NO
3bf6724f-e1c0-4ec0-826a-6e7239c62dee,male,jar.lowe@example.com,(400)-491-0233,(720)-844-0139,US
11414ac5-2950-4210-8050-5c98943b47cb,female,kerstin.andre@example.com,075 781 95 82,075 132 80 30,CH
6b89eb7d-54c3-4bd1-8dd0-cffc8252d5f2,female,dianne.bates@example.com,(241)-682-3994,(170)-153-8007,US
0954b9ac-fc1c-4ec0-b30b-f0d52cdd7b79,male,davut.cetiner@example.com,(494)-127-0669,(398)-919-0137,TR
7fa661da-ef0f-41d2-b9dd-5bac6df9be86,female,fabiele.barbosa@example.com,(33) 9340-6042,(10) 8541-8946,BR
613d6d7c-bdce-439b-9ab2-f01d32b602f1,male,daniel.patel@example.com,(462)-343-0414,(879)-637-4524,NZ
c62cbf0c-9d40-43be-acbd-bb45e67e3b4d,female,nella.seppanen@example.com,05-849-063,048-473-63-62,FI
fc25c4e5-6041-4674-bde9-d3be5a32458e,male,adryn.kmyrn@example.com,025-70865754,0986-020-4938,IR
42bfcc93-9bd7-46f3-b229-2909c54d6f63,male,beau.hughes@example.com,(104)-015-9980,(329)-063-6363,NZ
95d39a31-f18c-4d6c-b920-56e1a8f37396,female,teresa.serrano@example.com,998-029-969,625-000-091,ES
719817e0-82c5-4d47-918d-73ded5ad5e8e,female,kim.taylor@example.com,015242 99165,0782-067-340,GB
abd41b8c-eb62-47db-bc6d-50f7d2eff4ad,female,mari.myrland@example.com,52026465,91403568,NO
f3a8423a-c1b6-47b4-9e04-a0cdf0733a52,female,florence.hayes@example.com,021-139-5531,081-445-6221,IE
dd723e7c-276e-4e60-ab1b-5338ca0f7e28,female,marianne.skjong@example.com,30210423,42917461,NO
b3113f35-e1f1-479e-bf0e-b44fa0d00361,male,jamie.curtis@example.com,(547)-073-2760,(213)-119-4791,US
e9594260-1392-434a-afb6-2cc731e51f7b,female,gesa.voss@example.com,0800-9088359,0174-7318476,DE
fb1acb5d-6108-4dc0-a226-18f6f436d27d,female,eileen.lambert@example.com,04-4466-4242,0461-183-765,AU
506bfe29-b6b6-474b-8251-6005e3c26cfd,female,vilma.laurila@example.com,08-170-925,045-565-58-90,FI
5f0c9213-bd08-4bd2-9fe2-7b2884198e9b,female,evi.schimmel@example.com,0248-8551082,0174-4209285,DE
6259c6d2-4cfa-4340-a246-c0b55d10d04d,male,samuel.pena@example.com,922-464-710,664-510-175,ES
d92731b3-c746-4f79-aefa-d8405dfac930,female,laure.verton@example.com,(949)-223-2812,(983)-534-0026,NL
e1603e03-f29b-4bb4-9919-2cbf98807ac2,female,sanni.saari@example.com,04-075-579,040-079-50-95,FI
61ebca0b-6036-4da2-ae6c-1def35e73b69,male,nixon.williams@example.com,(975)-219-3621,(798)-597-7696,NZ
84e630de-d2f9-435c-abf0-cc7cc3b81468,male,bryan.moulin@example.com,079 852 11 90,077 211 79 35,CH
1caa9dad-8bfa-4947-81a0-abf37f51c5fa,female,thamara.lustig@example.com,(205)-992-7740,(995)-050-7501,NL
749b3383-c824-447c-a8e4-b948f980c66d,female,eva.jones@example.com,(854)-450-4627,(207)-156-3274,NZ
ecec2c00-32e6-4096-a144-efb67195b43f,female,daniella.regelink@example.com,(433)-784-7603,(638)-070-6004,NL
2480a7d0-6dc8-43c1-b142-12741c4e7f97,male,martinius.braathen@example.com,24030442,41622405,NO
0a036baa-4e6d-4a1d-b77d-bec9accecf79,male,mhmdmhdy.mwswy@example.com,052-84114456,0928-162-7685,IR
23c41951-1fb5-4359-b6af-f78dc0bb79f0,male,neo.eriksson@example.com,56834525,48791666,NO
ea0c452d-c659-494e-969a-938799f9d308,male,umit.sadiklar@example.com,(273)-161-9614,(496)-468-2463,TR
304be95f-f5b1-4cec-87ee-703cfc8b51de,male,rinse.raes@example.com,(369)-375-6173,(130)-298-5282,NL
3698595d-fe34-4e01-8cd8-d59702db038c,female,ozsu.yorulmaz@example.com,(765)-266-1686,(380)-234-9666,TR
5c144f67-cd42-48f8-9aa7-41268d75db9a,female,gonca.erez@example.com,(405)-452-4770,(286)-116-3272,TR
2d300380-ad56-44c1-a13a-52ba0268f0d1,female,ariane.brar@example.com,420-854-0359,171-509-0321,CA
5de79864-1ae8-425d-8c88-30838410bb27,male,mathias.rasmussen@example.com,22337951,10964436,DK
866eb441-5b09-4254-855d-0b0b9892c554,male,kyle.sims@example.com,071-849-6617,081-161-0814,IE
14582580-dda2-4bd6-9411-65ba833329e5,male,luka.garnier@example.com,01-44-44-79-43,06-48-00-53-76,FR
2889c320-b98d-4ffc-b9bb-258472fd51d7,male,mathias.nielsen@example.com,74668670,27965680,DK
df0474b9-554d-429f-946f-f5c252fb58c3,male,pierre.wiedemann@example.com,0501-4714972,0170-0854513,DE
ec2155e7-b3d4-4c20-b2f7-97e6bcd48546,female,peggy.mcdonalid@example.com,(990)-363-1503,(760)-705-6525,US
c6396ac0-b9f4-41d6-bd68-c1e4089fee5b,male,paulo.dekoster@example.com,(544)-334-7483,(407)-870-0520,NL
29784943-92b7-46f9-9454-425c424ccc67,male,aaron.wood@example.com,(704)-347-0413,(735)-770-5113,NZ
cd04216d-94ad-4b6c-a932-bcbe36748768,female,michela.laurent@example.com,075 309 55 80,075 609 48 52,CH
5c3da84b-2d1f-4828-b3b6-60aa0519d2bb,male,mustafa.velioglu@example.com,(439)-811-2696,(439)-915-6009,TR
69b3c077-d41a-4e0c-9c93-fddb9c419a3b,male,tony.day@example.com,02-8303-7736,0491-480-288,AU
423f43f9-9334-4ecf-9071-7ad704ea083a,female,esther.vandenborn@example.com,(576)-918-2703,(408)-703-4447,NL
f88b859c-efcd-41e0-ba57-c1179d525b8c,male,david.roche@example.com,01-29-97-44-51,06-26-55-59-50,FR
2f70e2f3-a733-48e9-8bbe-aa74ada0c9ea,male,mason.claire@example.com,909-013-8423,202-584-3769,CA
a2f26943-61db-4ee7-a6d3-1fd27bfcc491,female,nznyn.kmyrn@example.com,031-85412807,0926-195-0357,IR
1d8b494c-e5b8-4b64-9619-07e773c9fb24,female,nicky.lopez@example.com,0131 546 3850,0745-742-843,GB
7fc3be2c-7d4d-4b6a-b314-202b89fb86b6,male,adam.shaw@example.com,(744)-424-0564,(659)-749-9295,US
c1b743a5-73d3-4357-916c-1a93a68f366c,female,rachel.harrison@example.com,01687 991712,0758-412-562,GB
42879b85-2b73-4683-9a45-6b3b0699a090,male,aatu.paavola@example.com,03-695-233,047-204-08-68,FI
42f43d71-e55b-432e-8985-20d51d804941,female,julia.gauthier@example.com,003-523-5536,132-852-3616,CA
acb05613-6221-4601-84b6-af4ebb60bc0c,female,apolline.roussel@example.com,05-64-07-18-05,06-43-84-22-00,FR
b5938c90-6f88-40b3-8c80-e28f79b6f5e2,female,alicia.ibanez@example.com,933-772-185,613-978-607,ES
93347aab-c94d-47ec-bd19-3507fe0e67c7,male,elias.heikkila@example.com,05-833-746,043-197-92-97,FI
56a3c443-4bd4-4749-8867-06af1462e06a,male,brdy.khwty@example.com,047-20029321,0973-046-5507,IR
9eff3de5-4424-4b1d-ad47-87425f8a2ce9,female,silje.andersen@example.com,98686580,37233220,DK
870e891f-50cc-48e7-b904-7838712211ca,male,leo.nevala@example.com,07-906-917,042-024-12-62,FI
658c5d5c-115d-4a4d-8a90-bf21515cb811,male,imre.sletten@example.com,23660003,96967397,NO
79dc9446-e416-4a72-9ae0-4429a38e603f,male,aurelien.francois@example.com,03-43-53-30-99,06-28-54-18-20,FR
00b88ba1-e80c-4e19-831b-8cd9848fbac9,female,angelina.polzin@example.com,0540-2972817,0171-5298208,DE
d7af1999-0d97-423a-86a0-c85f5309e442,male,shyl.hydry@example.com,014-91466673,0919-138-2726,IR
fcbc92b9-29e6-4122-98f4-da2dd989f803,male,hunter.taylor@example.com,121-973-1908,034-282-1912,CA
537c1337-d9ef-4219-8223-a3d0eaba98f4,male,samuel.kilpela@example.com,02-744-314,048-663-27-32,FI
04b8a43e-af70-4329-b868-d320a2d72017,male,alfred.thomsen@example.com,80209396,03957061,DK
7c53e652-aaf3-4c30-bd3d-c6760dfa2f1b,male,gert.bichler@example.com,0331-9270231,0177-0861602,DE
212ef4a6-9bf5-433e-8530-f9bdea92661a,male,marceau.fabre@example.com,02-86-72-43-58,06-60-59-53-36,FR
1fa4af3f-10ce-4e32-95c2-8c41fb4f4425,female,live.nordrum@example.com,26447366,98753723,NO
d47e4dab-f4c2-4422-9255-57b246f4d7fb,male,mikael.rantanen@example.com,03-128-290,049-603-80-72,FI
4d72add7-3575-4232-9ba4-614e0e960223,male,samu.peltonen@example.com,08-700-283,046-320-25-40,FI
5f10c947-48b4-4bd7-a807-0a2ec4e8bbc6,female,eevi.wiita@example.com,03-558-213,048-814-90-78,FI
1e89f77d-75f2-419d-8317-f539218a20fe,male,olai.stadheim@example.com,20782617,92219027,NO
85b44f85-67bc-495a-9e39-4381cf7a1506,female,brittany.perry@example.com,061-786-9222,081-840-4379,IE
1220bf3b-cd5b-4de9-8534-15d85acd2538,male,daniel.makela@example.com,09-435-659,044-281-73-61,FI
1ff0a2e4-4e12-4b88-9310-293a3b11086a,female,zoe.thompson@example.com,326-457-5057,557-059-5386,CA
bcf972a0-1f46-40b5-a143-26f8f80881fb,male,clemencio.desouza@example.com,(87) 6340-6623,(87) 5637-7522,BR
dcd2c268-fcd1-4484-9b86-32c1d8f14dad,male,milo.martin@example.com,03-55-52-33-91,06-13-66-02-17,FR
a50ca968-5d5d-4a7f-a520-27cdc6d576f1,female,sarah.walker@example.com,(966)-227-2263,(883)-944-8232,NZ
86b52006-f2fe-4794-a0ff-9e2ef70fdef2,male,daniel.porter@example.com,08-6998-0760,0470-742-388,AU
f83dd059-3dd2-4b02-83ec-31b668eda034,male,ali.arican@example.com,(508)-970-5285,(923)-860-2467,TR
fb5a9a50-94d7-48b4-8aaf-6ab2621adb0d,male,ethan.chan@example.com,434-087-1514,262-260-7027,CA
ad5da21b-b462-4148-9927-163c08822d96,male,yilmaz.zuhlke@example.com,0114-3484403,0171-6928443,DE
d12bcb2f-1542-4baa-aa3f-5520d517abee,male,julio.santiago@example.com,911-601-761,609-435-262,ES
ca9c6c68-eb3b-4381-ae8a-68854351c539,female,jeanne.li@example.com,044-045-5803,609-629-8553,CA
bb4461fc-3201-41ee-bd98-aad76557737d,female,zara.king@example.com,(317)-342-9531,(757)-089-7643,NZ
36ffbe4e-7cae-4fbb-abb1-094163b95aa7,female,alvilde.fotland@example.com,59918860,46293204,NO
a068674a-cb1d-4b8e-a56d-8067fb510d21,female,tamara.martins@example.com,(05) 5954-9958,(82) 7882-0410,BR
f2336e36-f6d2-4d58-8bac-7a23f0ed7ab7,female,eugenia.cruz@example.com,940-636-580,608-003-016,ES
8d61e87e-5ad5-4599-99f7-85f41c1f89a8,male,kasper.kujala@example.com,04-939-551,045-776-98-64,FI
92102496-de72-46eb-93fe-b89e814298bf,male,alberto.pascual@example.com,971-932-885,616-624-006,ES
031253f3-16c4-48b6-a7b9-c23bedd535c5,female,signe.christiansen@example.com,92876052,19093713,DK
1cfd9dc4-72f8-49f4-a466-99814d137c40,female,carmine.ritschel@example.com,0400-8521993,0179-0456579,DE
9bc9565f-08f1-41f1-a956-d2ea0155b933,male,estacio.barros@example.com,(27) 0544-6759,(89) 9352-0830,BR
ea65481e-98ea-4bb4-b978-51ca688c15ba,male,karl.foster@example.com,(675)-940-3311,(724)-801-4226,US
55a11e06-f66a-4594-98f8-b1df313b10e6,male,gabriel.marquez@example.com,922-410-228,636-871-643,ES
2f965867-bbd7-4e19-b0ef-87869a0fc6bf,female,beate.lucas@example.com,076 630 34 02,076 727 63 51,CH
3a26e832-2d49-45e8-9ce1-48c9343ac15b,male,onni.kangas@example.com,03-117-230,043-356-32-42,FI
9a09b0f9-b7c2-45b9-876c-b357ab6562a0,male,william.novak@example.com,607-840-2553,748-031-6238,CA
b6af7ae3-3350-4212-9d1b-4b30e93f73f9,female,martha.wells@example.com,041-726-0662,081-481-1803,IE
67265257-7a55-4c81-a86a-3674b5328695,female,linda.west@example.com,(916)-366-6874,(820)-776-8067,US
f07cd10d-ec8c-4dd8-8d12-2c636e9a093a,male,justin.mitchell@example.com,970-375-1292,111-661-9660,CA
a753c1af-e2cb-4b99-bc98-b71792572121,male,hector.andre@example.com,02-05-42-07-78,06-18-87-15-81,FR
21c945d5-3b10-4e38-a7d4-364525745624,male,richard.reid@example.com,021-656-6103,081-470-0627,IE
b875c3ae-85f0-4880-98da-02c026235ee7,female,selene.porto@example.com,(95) 0229-7066,(26) 4849-9076,BR
8a27d527-0dd2-4de0-9693-8fdc28bddd12,female,silke.fabre@example.com,078 107 80 63,076 489 36 37,CH
6367ed41-8456-491e-b8f2-261dcfc7cd04,female,abbey.bishop@example.com,011-548-3466,081-986-6541,IE
35d1f2dd-de76-43df-ac0f-650779818734,female,manuela.santiago@example.com,912-665-064,655-387-876,ES
d36ed197-9ad3-43f4-a825-445af7b533de,male,ryder.mitchell@example.com,973-350-3520,120-047-0241,CA
7d0a3d05-7c13-4bba-ad1b-087630b707c2,female,ella.scott@example.com,389-145-8957,164-662-1031,CA
d0fd44df-73d6-4bee-ad27-8fee1e0d7e40,female,julie.christensen@example.com,00625582,47506987,DK
ba7a37b2-c13d-467f-a4b3-bfd7f06b74dd,male,izzet.boswinkel@example.com,(271)-826-9366,(931)-700-3201,NL
e802bc68-c42b-4a39-a117-d524ce9224ff,female,olivia.ma@example.com,563-743-1576,571-419-3369,CA
dd838e8f-b164-4bea-b733-dd25ec5543d6,female,naomi.ruiz@example.com,07-2049-0001,0440-563-634,AU
8aa4a509-6c12-4a81-ac55-1f1e23923959,male,mhmdmhdy.hydry@example.com,077-64002051,0973-998-4875,IR
cd97a7aa-1418-4186-8d30-4e35f9755d49,male,emilio.arias@example.com,969-877-733,662-972-312,ES
35297870-6b66-4d17-8e22-0406e53eed88,male,jesse.aalto@example.com,04-699-286,042-042-05-05,FI
1556e43b-b89e-43ba-9226-0d2f39e6b4b8,female,hanna.green@example.com,01400 09115,0748-602-859,GB
3a22f522-d1e3-45e2-8bbb-b2ef8d643850,female,matilda.mikkola@example.com,08-354-276,040-223-72-20,FI
a6a4248b-3275-49e8-ab79-79c79087ad79,male,jesse.lowe@example.com,015395 10921,0724-402-594,GB
1586719a-dba4-4f72-99ed-e933a9d4970a,male,oguzhan.tokatlioglu@example.com,(117)-292-7712,(030)-876-3069,TR
b93ef541-9fd5-47b0-9662-46e4d92b5153,female,armyt.hydry@example.com,006-13131079,0965-343-7911,IR
15d53b05-a00f-4aed-810b-a753527693a2,male,fabio.gaillard@example.com,05-38-52-44-83,06-56-73-64-96,FR
dc4eee66-6016-494f-a719-cb64929fa34e,female,sophia.mcdonalid@example.com,017687 49317,0778-919-246,GB
9ef02ab7-c27b-4126-b831-74473f0c4d88,male,alexis.pelletier@example.com,164-431-6349,001-470-8150,CA
bdb4b4fc-ae40-4117-a3de-c59bfa3eb3ef,male,douglas.fisher@example.com,041-201-4484,081-252-2261,IE
a6376eb1-cc75-4ebe-b6d4-22942dd22acc,male,carter.gardner@example.com,019467 56133,0778-177-781,GB
0c1b6f6a-d999-4988-866b-d98e2ebbe0cf,male,nikolaj.larsen@example.com,89714707,60495065,DK
de25f9f3-1716-4a17-9f6e-5f172f012941,male,joshua.garrett@example.com,03-4233-1447,0492-200-211,AU
cfe7333f-d68d-4f1d-895a-b3d7b337837f,male,roope.kauppila@example.com,06-204-009,048-337-01-87,FI
208921b0-92a3-49ab-9dae-d553b1996d34,male,pedro.hopkins@example.com,00-9770-8159,0442-872-937,AU
30290479-f968-4053-b09a-0d49774066f8,male,rd.khmrw@example.com,081-31719438,0977-682-0035,IR
fb571cfb-4233-490e-82e6-6c075fb12783,male,thomas.mendoza@example.com,00-7105-7101,0401-557-991,AU
d3258710-9074-47b9-9bfe-578da91b868a,male,michel.bolte@example.com,0562-5066821,0173-8889630,DE
f7303b85-f14c-47aa-9035-ca0eae9e78b0,male,victor.nguyen@example.com,04-68-24-77-24,06-58-68-21-63,FR
dc993a71-6375-4361-8082-ea0c1857676e,male,leslie.robertson@example.com,(006)-827-1440,(236)-259-7233,US
0d914557-117f-4678-a449-e235bdc1c2b6,male,ryder.davies@example.com,(321)-548-4440,(119)-168-2838,NZ
dbf394c5-5780-4316-b6a4-0cfd2f4b23a6,female,lisa.duncan@example.com,016974 08539,0701-674-771,GB
f7dc7ae4-d294-4047-bf30-6760cdf8cdc1,female,danielle.howard@example.com,016977 40871,0799-387-910,GB
fc7eb435-ba6c-45f3-84be-dacd721acdcf,male,adam.mitchell@example.com,977-034-0444,937-195-2849,CA
86f2db18-9a37-4100-8b22-8050a401acd1,male,sebastian.seeger@example.com,0290-5666083,0178-5502631,DE
f95555ee-f0cc-4ec7-8746-f79b8e5d5c20,female,florence.knight@example.com,02-6007-2972,0452-334-689,AU
51dc454b-bc79-40da-94bb-dd49a362b458,female,luana.schmitt@example.com,079 607 79 47,078 726 80 33,CH
597901ab-4bfe-40a9-a502-0c1bb67cf4ec,female,goncala.barros@example.com,(73) 3839-8501,(42) 3034-1945,BR
fc05ff2d-9588-4143-85d1-9fec8e406878,female,mia.denys@example.com,069-620-2731,948-595-6573,CA
f0ba2ea3-ebf1-4fe4-9061-9da463e66075,male,alois.boyer@example.com,05-00-90-01-21,06-93-02-39-95,FR
c39e2c7a-4bc7-4880-a236-59948b75af04,male,benjamin.larsen@example.com,50816127,92157077,DK
394c72c9-41c3-4bd6-916b-3ae75669e525,male,viggo.ahmadi@example.com,23199220,43061378,NO
5749f5fb-2853-4b4d-899d-52a2cef07893,female,diane.brun@example.com,03-86-46-19-73,06-22-40-10-13,FR
f1c1685d-19cc-42a6-9055-965a54517a05,male,arttu.ahonen@example.com,04-881-241,047-380-65-94,FI
ed70e60f-c278-49a7-9df8-eb7f7fe9a11c,male,safouan.verdaasdonk@example.com,(134)-631-3309,(549)-521-8151,NL
320b8087-0d88-4e98-972b-b42c4fbf1c03,male,edouard.dufour@example.com,05-24-57-45-59,06-31-03-67-24,FR
74912d61-d42b-49b1-8d34-7233f8a4b0ef,male,ronnie.soto@example.com,041-214-8298,081-188-4798,IE
00232f09-9d2d-4707-a5cd-4c8b2f70d172,male,pablo.calvo@example.com,923-388-130,608-685-798,ES
f58c1886-565f-40fe-93b9-cc3eb8ddf76b,male,gary.rivera@example.com,(211)-313-4312,(402)-013-0037,US
56594c90-ddf7-476e-be54-4cc306bc2998,male,rd.hsyny@example.com,011-37135567,0952-323-5575,IR
44169eb1-4acb-4eb2-a956-1c1b3a427499,female,jessica.cook@example.com,(979)-260-9710,(207)-585-2457,US
72c6cf80-c0cb-42b8-9381-47e9b58cf108,female,lucy.curtis@example.com,09-4821-2663,0413-625-404,AU
f62bca21-af83-43db-9925-0f7023b521f3,male,amadou.telintelo@example.com,(365)-566-7625,(953)-634-2248,NL
ee7fba3c-492f-44b4-8a81-8cdb2e6838ba,male,albert.jensen@example.com,48670136,13457997,DK
6319ec57-d9e3-46ed-a694-14c88d1be0e2,male,loic.roux@example.com,03-01-08-14-66,06-39-77-27-42,FR
fafb1a50-fbc1-45e4-8568-cf3359ebe354,female,katrine.johansen@example.com,02413586,81693830,DK
8fde5e88-e63c-46af-930d-2e9ffb1142ac,male,billy.neal@example.com,00-6551-9084,0474-954-884,AU
cdbc54fc-d7fd-4048-bc46-bc0284270915,female,katie.lee@example.com,(493)-458-7462,(297)-569-0815,US
7808e57d-9f5e-42a7-aa8c-bae4639689be,female,selma.olsen@example.com,79557072,68612337,DK
87d78c30-f773-4699-8eeb-cf735b79510c,male,amar.gjendem@example.com,54524617,44744915,NO
fdcc86d8-8bdc-4100-ab6b-979e247ea900,female,lea.perez@example.com,078 780 55 75,078 089 72 12,CH
c613580a-0500-4ff9-8f11-1dc9933c3948,female,manuela.blanco@example.com,969-470-290,635-658-423,ES
93e185f2-bc1e-4e5d-b4ef-6fa957e3e568,male,cetin.karabulut@example.com,(116)-990-5107,(373)-034-0765,TR
1eaf184d-6675-4f65-891d-2bcaf87bd412,male,philippe.chan@example.com,382-542-4067,622-512-0055,CA
4e2344b8-d06f-43bd-bc12-7d034576595d,female,paula.leon@example.com,972-271-670,666-349-830,ES
d34e9ba2-0c98-4464-861d-834ddfe49c3a,female,angelique.marie@example.com,078 255 54 26,078 832 35 53,CH
b122f28b-44f5-490a-977f-a6ff3414babe,male,thomas.williams@example.com,323-087-5229,748-981-4361,CA
b9ce28d5-14de-4298-898f-96a89300ea5d,male,aalyrd.kmyrn@example.com,049-74370725,0914-361-4003,IR
c928ba83-12f3-472c-bfef-0e8f997f77f3,female,andrea.gaillard@example.com,079 183 47 04,075 567 05 28,CH
eb40937a-4399-4bb0-b35c-92317fb7354c,female,nicole.hunt@example.com,(204)-473-0140,(711)-248-0495,US
f785ee75-b4c6-4148-912b-369d9141ebcd,male,necati.orge@example.com,(385)-237-0994,(257)-876-6088,TR
9e06acea-7bdc-4a9b-b42c-e24b684c9a8e,male,alfred.kristensen@example.com,20309011,99272516,DK
d4279074-685b-4e65-ad93-d100442e5578,female,adina.linz@example.com,0517-3723669,0175-3115069,DE
b4bbb8a2-c8bd-462e-9fab-f93017fb6f90,male,hans-georg.gehrig@example.com,0433-5829296,0173-1628223,DE
f84a5197-15f7-474b-99d1-106740cecd71,male,valdo.santos@example.com,(39) 7009-9238,(25) 6554-8257,BR
8b3bde92-a994-4c56-9e18-c74890d02d5d,female,morgana.rocha@example.com,(73) 6945-8090,(36) 9396-8099,BR
04966da0-a3a6-44c0-b493-bdf91c965b1a,female,caroline.fleming@example.com,031-105-0188,081-506-4528,IE
f4e2f525-d2a8-4292-8467-d664e34cad70,female,kerttu.hautala@example.com,07-680-657,040-186-07-03,FI
be583a88-19f3-40a3-92f3-d070559c6896,female,ashley.jenkins@example.com,09-4443-1969,0450-656-692,AU
5111e0cd-6e8f-4f05-87e6-79e38f4250f3,male,nivaldo.pinto@example.com,(34) 9236-6212,(43) 6728-9626,BR
c1df3b4d-9fca-4da4-b30a-cc221f9cd273,male,magnus.stene@example.com,36237927,44663691,NO
6aa47f52-34b1-46b4-8bf7-0c41e7c4df75,female,tilde.johansen@example.com,16602314,24889289,DK
